{
  "up": [
    0.9375,
    1.8684895833333335,
    3.463541666666667,
    4.342447916666667,
    5.9375,
    6.868489583333334,
    8.463541666666668,
    9.342447916666668,
    10.9375,
    11.868489583333334,
    13.463541666666668,
    14.342447916666668,
    15.9375,
    16.868489583333336,
    18.463541666666668,
    19.342447916666668
  ],
  "down": [
    0,
    0.4557291666666667,
    0.7942708333333334,
    1.5625,
    2.5,
    2.994791666666667,
    3.287760416666667,
    4.029947916666667,
    5,
    5.455729166666667,
    5.794270833333334,
    6.5625,
    7.5,
    7.994791666666667,
    8.287760416666668,
    9.029947916666668,
    10,
    10.455729166666668,
    10.794270833333334,
    11.5625,
    12.5,
    12.994791666666668,
    13.287760416666668,
    14.029947916666668,
    15,
    15.455729166666668,
    15.794270833333334,
    16.5625,
    17.5,
    17.994791666666668,
    18.287760416666668,
    19.029947916666668
  ]
}