{
  "up": [
    0.625,
    1.875,
    3.125,
    5.625,
    6.875,
    8.125,
    10.625,
    11.875,
    13.125,
    15.625,
    16.875,
    18.125
  ],
  "down": [
    0,
    0.3125,
    0.9375,
    1.25,
    2.5,
    2.65625,
    4.375,
    5,
    5.9375,
    6.25,
    7.5,
    7.65625,
    8.75,
    9.375,
    10,
    10.3125,
    10.9375,
    11.25,
    12.5,
    12.65625,
    14.375,
    15,
    15.9375,
    16.25,
    17.5,
    17.65625,
    18.75,
    19.375
  ]
}