{
  "up": [
    0.6119791666666667,
    1.8619791666666667,
    3.111979166666667,
    4.375,
    5.611979166666667,
    6.861979166666667,
    8.111979166666668,
    9.375,
    10.611979166666668,
    11.861979166666668,
    13.111979166666668,
    14.375,
    15.611979166666668,
    16.861979166666668,
    18.111979166666668,
    19.375
  ],
  "down": [
    0.3125,
    0.8984375,
    2.8125,
    3.424479166666667,
    4.029947916666667,
    5.3125,
    5.8984375,
    7.8125,
    8.424479166666668,
    9.029947916666668,
    10.3125,
    10.8984375,
    12.8125,
    13.424479166666668,
    14.029947916666668,
    15.3125,
    15.8984375,
    17.8125,
    18.424479166666668,
    19.029947916666668
  ]
}