{
  "left": [
    0,
    0.9375,
    1.25,
    2.5,
    3.4375,
    3.75,
    4.0625,
    4.375,
    4.6875,
    5,
    5.9375,
    6.25,
    7.5,
    8.4375,
    8.75,
    9.0625,
    9.375,
    9.6875,
    10,
    10.9375,
    11.25,
    12.5,
    13.4375,
    13.75,
    14.0625,
    14.375,
    14.6875,
    15,
    15.9375,
    16.25,
    17.5,
    18.4375,
    18.75,
    19.0625,
    19.375,
    19.6875
  ],
  "right": [
    0.46875,
    1.875,
    2.96875,
    4.375,
    5.46875,
    6.875,
    7.96875,
    8.75,
    9.375,
    10.46875,
    11.875,
    12.96875,
    14.375,
    15.46875,
    16.875,
    17.96875,
    18.75,
    19.375
  ],
  "up": [
    0.16276041666666669,
    0.3190104166666667,
    1.5690104166666667,
    1.7252604166666667,
    2.662760416666667,
    2.819010416666667,
    3.756510416666667,
    5.162760416666667,
    5.319010416666667,
    6.569010416666667,
    6.725260416666667,
    7.662760416666667,
    7.819010416666667,
    8.756510416666668,
    9.375,
    10.162760416666668,
    10.319010416666668,
    11.569010416666668,
    11.725260416666668,
    12.662760416666668,
    12.819010416666668,
    13.756510416666668,
    15.162760416666668,
    15.319010416666668,
    16.569010416666668,
    16.725260416666668,
    17.662760416666668,
    17.819010416666668,
    18.756510416666668,
    19.375
  ]
}