{
  "up": [
    0.15625,
    0.625,
    1.0807291666666667,
    1.40625,
    1.875,
    2.34375,
    2.662760416666667,
    3.125,
    3.59375,
    3.90625,
    4.375,
    4.84375,
    5.15625,
    5.625,
    6.080729166666667,
    6.40625,
    6.875,
    7.34375,
    7.662760416666667,
    8.125,
    8.59375,
    8.90625,
    9.375,
    9.84375,
    10.15625,
    10.625,
    11.080729166666668,
    11.40625,
    11.875,
    12.34375,
    12.662760416666668,
    13.125,
    13.59375,
    13.90625,
    14.375,
    14.84375,
    15.15625,
    15.625,
    16.080729166666668,
    16.40625,
    16.875,
    17.34375,
    17.662760416666668,
    18.125,
    18.59375,
    18.90625,
    19.375,
    19.84375
  ],
  "down": [
    0,
    0.29296875,
    1.5625,
    2.03125,
    2.4934895833333335,
    2.8125,
    4.0625,
    5,
    5.29296875,
    6.5625,
    7.03125,
    7.493489583333334,
    7.8125,
    9.0625,
    10,
    10.29296875,
    11.5625,
    12.03125,
    12.493489583333334,
    12.8125,
    14.0625,
    15,
    15.29296875,
    16.5625,
    17.03125,
    17.493489583333336,
    17.8125,
    19.0625
  ]
}