{
  "up": [
    0.625,
    1.09375,
    1.40625,
    1.875,
    3.125,
    3.59375,
    3.90625,
    4.375,
    5.625,
    6.09375,
    6.40625,
    6.875,
    8.125,
    8.59375,
    8.90625,
    9.375,
    10.625,
    11.09375,
    11.40625,
    11.875,
    13.125,
    13.59375,
    13.90625,
    14.375,
    15.625,
    16.09375,
    16.40625,
    16.875,
    18.125,
    18.59375,
    18.90625,
    19.375
  ],
  "down": [
    0,
    0.3125,
    0.9375,
    1.25,
    1.5625,
    2.5,
    2.8125,
    3.4375,
    3.75,
    4.0625,
    5,
    5.3125,
    5.9375,
    6.25,
    6.5625,
    7.5,
    7.8125,
    8.4375,
    8.75,
    9.0625,
    10,
    10.3125,
    10.9375,
    11.25,
    11.5625,
    12.5,
    12.8125,
    13.4375,
    13.75,
    14.0625,
    15,
    15.3125,
    15.9375,
    16.25,
    16.5625,
    17.5,
    17.8125,
    18.4375,
    18.75,
    19.0625
  ]
}