{
  "left": [
    0,
    4.720052083333334,
    5,
    9.720052083333334,
    10,
    14.720052083333334,
    15,
    16.25,
    18.463541666666668,
    19.713541666666668
  ],
  "right": [
    0.9635416666666667,
    1.5625,
    2.8125,
    4.0625,
    5.963541666666667,
    6.5625,
    7.8125,
    9.0625,
    10.963541666666668,
    11.5625,
    12.8125,
    14.0625,
    15.963541666666668,
    17.213541666666668,
    17.5,
    18.75
  ],
  "up": [
    0.625,
    2.1809895833333335,
    3.125,
    5.625,
    7.180989583333334,
    8.125,
    10.625,
    12.180989583333334,
    13.125,
    15.625,
    16.5625,
    17.8125,
    19.375
  ],
  "down": [
    0.3125,
    1.875,
    3.424479166666667,
    4.375,
    5.3125,
    6.875,
    8.424479166666668,
    9.375,
    10.3125,
    11.875,
    13.424479166666668,
    14.375,
    15.3125,
    16.875,
    18.125,
    19.0625
  ]
}