{
  "left": [
    0.625,
    1.875,
    3.125,
    5.625,
    6.875,
    8.125,
    10.625,
    11.875,
    13.125,
    15.625,
    16.875,
    18.125
  ],
  "right": [
    0,
    1.25,
    1.40625,
    2.5,
    3.75,
    3.90625,
    4.375,
    4.53125,
    5,
    6.25,
    6.40625,
    7.5,
    8.75,
    8.90625,
    9.375,
    9.53125,
    10,
    11.25,
    11.40625,
    12.5,
    13.75,
    13.90625,
    14.375,
    14.53125,
    15,
    16.25,
    16.40625,
    17.5,
    18.75,
    18.90625,
    19.375,
    19.53125
  ],
  "up": [
    0.3125,
    0.9375,
    1.5625,
    2.1875,
    2.8125,
    3.4375,
    4.0625,
    4.6875,
    5.3125,
    5.9375,
    6.5625,
    7.1875,
    7.8125,
    8.4375,
    9.0625,
    9.6875,
    10.3125,
    10.9375,
    11.5625,
    12.1875,
    12.8125,
    13.4375,
    14.0625,
    14.6875,
    15.3125,
    15.9375,
    16.5625,
    17.1875,
    17.8125,
    18.4375,
    19.0625,
    19.6875
  ]
}