{
  "up": [
    0.15625,
    0.6575520833333334,
    1.09375,
    1.40625,
    1.875,
    2.34375,
    2.65625,
    3.125,
    3.59375,
    3.90625,
    4.375,
    4.84375,
    5.15625,
    5.657552083333334,
    6.09375,
    6.40625,
    6.875,
    7.34375,
    7.65625,
    8.125,
    8.59375,
    8.90625,
    9.375,
    9.84375,
    10.15625,
    10.657552083333334,
    11.09375,
    11.40625,
    11.875,
    12.34375,
    12.65625,
    13.125,
    13.59375,
    13.90625,
    14.375,
    14.84375,
    15.15625,
    15.657552083333334,
    16.09375,
    16.40625,
    16.875,
    17.34375,
    17.65625,
    18.125,
    18.59375,
    18.90625,
    19.375,
    19.84375
  ],
  "down": [
    0,
    0.3125,
    0.9375,
    1.5625,
    2.03125,
    2.5,
    2.8125,
    3.3919270833333335,
    4.0625,
    4.53125,
    5,
    5.3125,
    5.9375,
    6.5625,
    7.03125,
    7.5,
    7.8125,
    8.391927083333334,
    9.0625,
    9.53125,
    10,
    10.3125,
    10.9375,
    11.5625,
    12.03125,
    12.5,
    12.8125,
    13.391927083333334,
    14.0625,
    14.53125,
    15,
    15.3125,
    15.9375,
    16.5625,
    17.03125,
    17.5,
    17.8125,
    18.391927083333336,
    19.0625,
    19.53125
  ]
}