{
  "left": [
    0.3125,
    0.78125,
    1.25,
    2.1875,
    2.8125,
    3.28125,
    3.75,
    4.6875,
    5.3125,
    5.78125,
    6.25,
    7.1875,
    7.8125,
    8.28125,
    8.75,
    9.6875,
    10.3125,
    10.78125,
    11.25,
    12.1875,
    12.8125,
    13.28125,
    13.75,
    14.6875,
    15.3125,
    15.78125,
    16.25,
    17.1875,
    17.8125,
    18.28125,
    18.75,
    19.6875
  ],
  "right": [
    0.625,
    1.875,
    3.125,
    4.375,
    5.625,
    6.875,
    8.125,
    9.375,
    10.625,
    11.875,
    13.125,
    14.375,
    15.625,
    16.875,
    18.125,
    19.375
  ],
  "up": [
    7.819010416666667,
    8.444010416666668,
    9.069010416666668,
    9.694010416666668,
    17.819010416666668,
    18.444010416666668,
    19.069010416666668,
    19.694010416666668
  ]
}