{
  "left": [
    0.15625,
    0.46223958333333337,
    1.71875,
    2.5,
    2.65625,
    2.9622395833333335,
    4.21875,
    5,
    5.15625,
    5.462239583333334,
    6.71875,
    7.5,
    7.65625,
    7.962239583333334,
    8.59375,
    8.90625,
    9.21875,
    10,
    10.15625,
    10.462239583333334,
    11.71875,
    12.5,
    12.65625,
    12.962239583333334,
    14.21875,
    15,
    15.15625,
    15.462239583333334,
    16.71875,
    17.5,
    17.65625,
    17.962239583333336,
    18.75,
    18.90625,
    19.21875
  ],
  "right": [
    0.625,
    1.875,
    3.125,
    4.375,
    5.625,
    6.875,
    8.125,
    9.375,
    10.625,
    11.875,
    13.125,
    14.375,
    15.625,
    16.875,
    18.125,
    19.375,
    19.53125,
    19.6875,
    19.84375
  ],
  "up": [
    0.3125,
    1.5625,
    2.34375,
    2.8125,
    4.0625,
    5.3125,
    6.5625,
    7.34375,
    7.8125,
    8.4375,
    8.75,
    9.0625,
    10.3125,
    11.5625,
    12.34375,
    12.8125,
    14.0625,
    15.3125,
    16.5625,
    17.34375,
    17.8125,
    18.28125,
    18.4375,
    18.59375,
    19.0625
  ]
}