{
  "up": [
    0.625,
    1.875,
    3.125,
    4.375,
    5.625,
    6.875,
    8.125,
    9.375,
    10.625,
    11.875,
    13.125,
    14.375,
    15.625,
    16.875,
    18.125,
    19.375
  ],
  "down": [
    0,
    0.15625,
    0.9375,
    1.09375,
    1.25,
    1.40625,
    2.5,
    2.65625,
    3.4375,
    3.59375,
    3.75,
    3.90625,
    5,
    5.15625,
    5.9375,
    6.09375,
    6.25,
    6.40625,
    7.5,
    7.65625,
    8.4375,
    8.59375,
    8.75,
    8.90625,
    10,
    10.15625,
    10.9375,
    11.09375,
    11.25,
    11.40625,
    12.5,
    12.65625,
    13.4375,
    13.59375,
    13.75,
    13.90625,
    15,
    15.15625,
    15.9375,
    16.09375,
    16.25,
    16.40625,
    17.5,
    17.65625,
    18.4375,
    18.59375,
    18.75,
    18.90625
  ]
}