{
  "up": [
    0.15625,
    0.625,
    1.09375,
    1.40625,
    1.875,
    2.1875,
    2.65625,
    3.125,
    3.59375,
    3.90625,
    4.375,
    4.84375,
    5.15625,
    5.625,
    6.09375,
    6.40625,
    6.875,
    7.1875,
    7.65625,
    8.125,
    8.59375,
    8.90625,
    9.375,
    9.84375,
    10.15625,
    10.625,
    11.09375,
    11.40625,
    11.875,
    12.1875,
    12.65625,
    13.125,
    13.59375,
    13.90625,
    14.375,
    14.84375,
    15.15625,
    15.625,
    16.09375,
    16.40625,
    16.875,
    17.1875,
    17.65625,
    18.125,
    18.59375,
    18.90625,
    19.375,
    19.84375
  ],
  "down": [
    0,
    0.3125,
    0.46875,
    0.78125,
    0.9375,
    1.25,
    1.5625,
    1.71875,
    2.03125,
    2.34375,
    2.5,
    2.8125,
    2.96875,
    3.28125,
    3.4375,
    3.75,
    4.0625,
    4.21875,
    4.53125,
    4.6875,
    5,
    5.3125,
    5.46875,
    5.78125,
    5.9375,
    6.25,
    6.5625,
    6.71875,
    7.03125,
    7.34375,
    7.5,
    7.8125,
    7.96875,
    8.28125,
    8.4375,
    8.75,
    9.0625,
    9.21875,
    9.53125,
    9.6875,
    10,
    10.3125,
    10.46875,
    10.78125,
    10.9375,
    11.25,
    11.5625,
    11.71875,
    12.03125,
    12.34375,
    12.5,
    12.8125,
    12.96875,
    13.28125,
    13.4375,
    13.75,
    14.0625,
    14.21875,
    14.53125,
    14.6875,
    15,
    15.3125,
    15.46875,
    15.78125,
    15.9375,
    16.25,
    16.5625,
    16.71875,
    17.03125,
    17.34375,
    17.5,
    17.8125,
    17.96875,
    18.28125,
    18.4375,
    18.75,
    19.0625,
    19.21875,
    19.53125,
    19.6875
  ]
}