{
  "left": [
    0.625,
    3.125,
    5.625,
    8.125,
    10.625,
    13.125,
    15.625,
    18.125
  ],
  "right": [
    0,
    0.3125,
    0.9375,
    1.25,
    2.5,
    2.8125,
    3.4375,
    3.75,
    5,
    5.3125,
    5.9375,
    6.25,
    7.5,
    7.8125,
    8.4375,
    8.75,
    10,
    10.3125,
    10.9375,
    11.25,
    12.5,
    12.8125,
    13.4375,
    13.75,
    15,
    15.3125,
    15.9375,
    16.25,
    17.5,
    17.8125,
    18.4375,
    18.75
  ],
  "up": [
    0.15625,
    1.09375,
    1.71875,
    2.03125,
    2.65625,
    3.59375,
    4.0625,
    4.21875,
    4.53125,
    5.15625,
    6.09375,
    6.71875,
    7.03125,
    7.65625,
    8.59375,
    9.0625,
    9.21875,
    9.53125,
    10.15625,
    11.09375,
    11.71875,
    12.03125,
    12.65625,
    13.59375,
    14.0625,
    14.21875,
    14.53125,
    15.15625,
    16.09375,
    16.71875,
    17.03125,
    17.65625,
    18.59375,
    19.0625,
    19.21875,
    19.53125
  ]
}