{
  "left": [
    0,
    0.46875,
    0.9375,
    2.5,
    2.96875,
    3.4375,
    4.0625,
    4.6875,
    5,
    5.46875,
    5.9375,
    7.5,
    7.96875,
    8.4375,
    9.0625,
    9.6875,
    10,
    10.46875,
    10.9375,
    12.5,
    12.96875,
    13.4375,
    14.0625,
    14.6875,
    15,
    15.46875,
    15.9375,
    17.5,
    17.96875,
    18.4375,
    19.0625,
    19.6875
  ],
  "right": [
    0.625,
    1.875,
    3.125,
    4.375,
    5.625,
    6.875,
    8.125,
    9.375,
    10.625,
    11.875,
    13.125,
    14.375,
    15.625,
    16.875,
    18.125,
    19.375
  ],
  "up": [
    0,
    0.625,
    1.25,
    1.875,
    2.5,
    3.125,
    3.75,
    4.375,
    5,
    5.625,
    6.25,
    6.875,
    7.5,
    8.125,
    8.75,
    9.375,
    10,
    10.625,
    11.25,
    11.875,
    12.5,
    13.125,
    13.75,
    14.375,
    15,
    15.625,
    16.25,
    16.875,
    17.5,
    18.125,
    18.75,
    19.375
  ]
}